{
  "hash": "bd00d09d",
  "configHash": "14b5fe4b",
  "lockfileHash": "d26a1d30",
  "browserHash": "690bb4d0",
  "optimized": {
    "@angular/core": {
      "src": "../../../../../node_modules/@angular/core/fesm2022/core.mjs",
      "file": "@angular_core.js",
      "fileHash": "809f80e4",
      "needsInterop": false
    },
    "@angular/forms": {
      "src": "../../../../../node_modules/@angular/forms/fesm2022/forms.mjs",
      "file": "@angular_forms.js",
      "fileHash": "3e72ddfa",
      "needsInterop": false
    },
    "@angular/platform-browser": {
      "src": "../../../../../node_modules/@angular/platform-browser/fesm2022/platform-browser.mjs",
      "file": "@angular_platform-browser.js",
      "fileHash": "a8aa8059",
      "needsInterop": false
    },
    "@angular/router": {
      "src": "../../../../../node_modules/@angular/router/fesm2022/router.mjs",
      "file": "@angular_router.js",
      "fileHash": "1ca8eba3",
      "needsInterop": false
    }
  },
  "chunks": {
    "chunk-3W22QJVI": {
      "file": "chunk-3W22QJVI.js"
    },
    "chunk-TBHKIGKR": {
      "file": "chunk-TBHKIGKR.js"
    },
    "chunk-3XWGUD7K": {
      "file": "chunk-3XWGUD7K.js"
    }
  }
}